IL#,IL,ILCE#,ILCE,MAHALLE#,MAHALLE,CSBM#,CSBM,BINA#,BINA NO,BB#,BAGIMSIZ BOLUM,LNG,LAT
1,ADANA,1757,ALADAĞ,176887,AKÖREN MAHALLESİ,566149,AKDERE (Sokak),447708595,2 - Bina Dışı Yapı - Depo - Diğer Yapı Girişi,,,35.446456423,37.467930889231766
1,ADANA,1757,ALADAĞ,176887,AKÖREN MAHALLESİ,566149,AKDERE (Sokak),208737262,4 - Arsa,,,35.45530265100001,37.455728791999974
1,ADANA,1757,ALADAĞ,176887,AKÖREN MAHALLESİ,566149,AKDERE (Sokak),615301082,6 - Mesken - Bina Ana Giriş - Bilinmeyen,56731704,Kullanım Amacı : Mesken - Tip : Özel - Durum : Bilinmeyen,35.454735329000016,37.45601815300002
1,ADANA,1757,ALADAĞ,176887,AKÖREN MAHALLESİ,566149,AKDERE (Sokak),594893570,6/1 - Tarım ve Hayvancılık - Ahır - Diğer Yapı Girişi,,,35.454362221,37.456202358999974
1,ADANA,1757,ALADAĞ,176887,AKÖREN MAHALLESİ,566149,AKDERE (Sokak),115037335,8 - Mesken - Bina Ana Giriş - Bilinmeyen,557222,Kullanım Amacı : Mesken - Tip : Özel - Durum : Bilinmeyen,35.45459336800002,37.45628443499997
